43578, 'Depositing Lab'
43586, 'Depositing Lab'
43672, 'Depositing Lab'
43572, 'Depositing Lab'
43573, 'Depositing Lab'
43594, 'Depositing Lab'
43593, 'Depositing Lab'
43562, 'Depositing Lab'
43590, 'Depositing Lab'
43607, 'Depositing Lab'
43650, 'Depositing Lab'
43577, 'Depositing Lab'
43659, 'Depositing Lab'
43609, 'Depositing Lab'
43606, 'Depositing Lab'
43615, 'Depositing Lab'
43564, 'Depositing Lab'
43610, 'Depositing Lab'
43635, 'Depositing Lab'
43616, 'Depositing Lab'
43630, 'Depositing Lab'
43598, 'Depositing Lab'
43600, 'Depositing Lab'
43597, 'Depositing Lab'
43602, 'Depositing Lab'
43595, 'Depositing Lab'
43604, 'Depositing Lab'
43589, 'Depositing Lab'
43583, 'Depositing Lab'
43621, 'Depositing Lab'
43619, 'Depositing Lab'
43579, 'Depositing Lab'
43561, 'Depositing Lab'
43623, 'Depositing Lab'
43618, 'Depositing Lab'
43629, 'Depositing Lab'
43612, 'Depositing Lab'
43624, 'Depositing Lab'
43620, 'Depositing Lab'
43592, 'Depositing Lab'
43614, 'Depositing Lab'
43596, 'Depositing Lab'
43599, 'Depositing Lab'
43626, 'Depositing Lab'
43605, 'Depositing Lab'
43644, 'Depositing Lab'
43627, 'Depositing Lab'
43633, 'Depositing Lab'
43608, 'Depositing Lab'
43588, 'Depositing Lab'
43642, 'Depositing Lab'
43566, 'Depositing Lab'
43587, 'Depositing Lab'
43625, 'Depositing Lab'
43585, 'Depositing Lab'
43611, 'Depositing Lab'
43654, 'Depositing Lab'
43675, 'Depositing Lab'
43636, 'Depositing Lab'
43638, 'Depositing Lab'
43640, 'Depositing Lab'
43647, 'Depositing Lab'
43655, 'Depositing Lab'
43581, 'Depositing Lab'
43676, 'Depositing Lab'
43671, 'Depositing Lab'
43664, 'Depositing Lab'
43591, 'Depositing Lab'
43673, 'Depositing Lab'
43653, 'Depositing Lab'
43603, 'Depositing Lab'
43646, 'Depositing Lab'
43641, 'Depositing Lab'
43651, 'Depositing Lab'
43663, 'Depositing Lab'
43656, 'Depositing Lab'
43628, 'Depositing Lab'
43649, 'Depositing Lab'
