1026_addgene_out.xml, NM_008904
1028_addgene_out.xml, NM_008904
1029_addgene_out.xml, NM_008904
1030_addgene_out.xml, NM_008904
1031_addgene_out.xml, NM_133249
1032_addgene_out.xml, NM_133249
10689_addgene_out.xml, NM_002715
10744_addgene_out.xml, NP_000305.3
10806_addgene_out.xml, NM_174435
10822_addgene_out.xml, NM_012154
10828_addgene_out.xml, NM_001100412.1
10859_addgene_out.xml, NP_041327
1087_addgene_out.xml, AY553990
10889_addgene_out.xml, NM_174574
1088_addgene_out.xml, AY553990
10890_addgene_out.xml, NM_174574
1089_addgene_out.xml, AY553990
1090_addgene_out.xml, AY553990
1091_addgene_out.xml, AY553990
10921_addgene_out.xml, NM_022720
1092_addgene_out.xml, AY553990
10958_addgene_out.xml, NP_035853
10961_addgene_out.xml, L41066.1
1096_addgene_out.xml, AY553990
10974_addgene_out.xml, NP_037393
10976_addgene_out.xml, NP_066014
10977_addgene_out.xml, NP_066014
10978_addgene_out.xml, NM_015088
10979_addgene_out.xml, NM_015088
11025_addgene_out.xml, NM_005544
11029_addgene_out.xml, NM_074074
1105_addgene_out.xml, K01387
1111_addgene_out.xml, K01387
1112_addgene_out.xml, K01387
1113_addgene_out.xml, K01387
11183_addgene_out.xml, NM_139081
1119_addgene_out.xml, E12410
11206_addgene_out.xml, U96635
1126_addgene_out.xml, ay553988
1127_addgene_out.xml, AY553988
1128_addgene_out.xml, ay553989
11299_addgene_out.xml, U71093
1136_addgene_out.xml, AY553990
11379_addgene_out.xml, 
1138_addgene_out.xml, AY553990
1141_addgene_out.xml, NT_039207
11426_addgene_out.xml, U96635
11428_addgene_out.xml, AF037454
11429_addgene_out.xml, AF124145
11448_addgene_out.xml, NM_005544
1144_addgene_out.xml, NT_039207
11466_addgene_out.xml, U96635
11467_addgene_out.xml, U96636
11468_addgene_out.xml, U96636
11470_addgene_out.xml, AF171060
11472_addgene_out.xml, X78140
NP_00329
11473_addgene_out.xml, U39318
NP_003331
11475_addgene_out.xml, U39317
NP_003330
11482_addgene_out.xml, AF296656
NP_919296
11483_addgene_out.xml, AF296656
NP_919296
11487_addgene_out.xml, NM_002111
11488_addgene_out.xml, AF296657
NP_003334
11489_addgene_out.xml, AF296657
NP_003334
11490_addgene_out.xml, AF296657
NP_003334
11491_addgene_out.xml, AF296656
NP_919296
11492_addgene_out.xml, NM_002392
11493_addgene_out.xml, NM_002392
11494_addgene_out.xml, NM_002392
11496_addgene_out.xml, NM_002392
11497_addgene_out.xml, NM_002392
11506_addgene_out.xml, M19729
11507_addgene_out.xml, J04132
11508_addgene_out.xml, NM_002111
1150_addgene_out.xml, M67479
11514_addgene_out.xml, NM_002111
11515_addgene_out.xml, NM_002111
11516_addgene_out.xml, AAN83133
1151_addgene_out.xml, M67479
11521_addgene_out.xml, AY211081
11524_addgene_out.xml, AAA60209
1152_addgene_out.xml, M67479
1153_addgene_out.xml, M67479
11546_addgene_out.xml, NM_022818
1156_addgene_out.xml, M67479
1157_addgene_out.xml, M67479
11588_addgene_out.xml, NM_004356
11593_addgene_out.xml, NM_001255
11594_addgene_out.xml, NM_001255
11595_addgene_out.xml, AF083810
11596_addgene_out.xml, AF083810
11597_addgene_out.xml, D88461
1159_addgene_out.xml, M67479
1160_addgene_out.xml, M67479
1161_addgene_out.xml, M67479
1164_addgene_out.xml, X82498
1167_addgene_out.xml, X82498
11733_addgene_out.xml, NM_005904
11734_addgene_out.xml, AF027964
11735_addgene_out.xml, NM_005900
11737_addgene_out.xml, AF104304
11738_addgene_out.xml, AF104304
11740_addgene_out.xml, NM_001105
11741_addgene_out.xml, NM_001105
11742_addgene_out.xml, NM_005902
11744_addgene_out.xml, U58993
11745_addgene_out.xml, AF012347
11746_addgene_out.xml, NM_022739
11747_addgene_out.xml, 
11748_addgene_out.xml, NM_019695
11749_addgene_out.xml, NM_019695
11750_addgene_out.xml, L25080
11751_addgene_out.xml, L25080
11755_addgene_out.xml, NM_001105
11756_addgene_out.xml, NM_020328
11763_addgene_out.xml, NM_004612
11764_addgene_out.xml, NM_004612
11771_addgene_out.xml, BC006947
11772_addgene_out.xml, BC002914
11773_addgene_out.xml, BC002914
11871_addgene_out.xml, U04810.2
11908_addgene_out.xml, NM_001102
1190_addgene_out.xml, NC_001144
1191_addgene_out.xml, NC_001136
11928_addgene_out.xml, NM_021009
1192_addgene_out.xml, NC_001144
1193_addgene_out.xml, NC_001144
1194_addgene_out.xml, NC_001144
11965_addgene_out.xml, NM_003639
11966_addgene_out.xml, NM_003639
11967_addgene_out.xml, NM_003639
11968_addgene_out.xml, NM_003639
11969_addgene_out.xml, NM_003639
11970_addgene_out.xml, NM_003639
11972_addgene_out.xml, NM_009068
1207_addgene_out.xml, AY553990
1208_addgene_out.xml, AY553990
12099_addgene_out.xml, BC064910
1209_addgene_out.xml, AY553990
12104_addgene_out.xml, Q30201
12109_addgene_out.xml, P01833
1210_addgene_out.xml, AY553990
12116_addgene_out.xml, X06980
12130_addgene_out.xml, NP_003225
12131_addgene_out.xml, X75621
1213_addgene_out.xml, NC_001145
12144_addgene_out.xml, NM_019739
1214_addgene_out.xml, NC_001148
1215_addgene_out.xml, NC_001145
12163_addgene_out.xml, AF334615
12174_addgene_out.xml, NP_056979
1217_addgene_out.xml, NC_001148
12182_addgene_out.xml, NM_011946
12183_addgene_out.xml, NM_011946
12184_addgene_out.xml, NM_011946
12185_addgene_out.xml, NM_011947
12186_addgene_out.xml, NM_011947
12187_addgene_out.xml, U85607
12188_addgene_out.xml, U85607
12189_addgene_out.xml, NM_011947
12190_addgene_out.xml, AY442689
12191_addgene_out.xml, AY442689
1224_addgene_out.xml, AY553990
1225_addgene_out.xml, AY553990
12283_addgene_out.xml, NP_002825
12284_addgene_out.xml, NP_002825
12286_addgene_out.xml, NP_002825
12300_addgene_out.xml, AF003000.1
12303_addgene_out.xml, u65586
12358_addgene_out.xml, CAA78412.1
12364_addgene_out.xml, CAA78412.1
12367_addgene_out.xml, CAA78412.1
12378_addgene_out.xml, CAA20910
X03764
12379_addgene_out.xml, CAA22866
X03764
12382_addgene_out.xml, X03764
12387_addgene_out.xml, FLJ11073
12388_addgene_out.xml, AAB02576
12389_addgene_out.xml, AAB02576
12508_addgene_out.xml, AML1
12530_addgene_out.xml, P01833
12536_addgene_out.xml, AAC51103
12542_addgene_out.xml, AF262988
12548_addgene_out.xml, NM_002434
12552_addgene_out.xml, NM_020750
1255_addgene_out.xml, AY553990
12604_addgene_out.xml, AAK41701
12605_addgene_out.xml, NM_004637
12611_addgene_out.xml, CG6667
12612_addgene_out.xml, Egr1
12613_addgene_out.xml, CG6667
12617_addgene_out.xml, AE000513
12618_addgene_out.xml, AE000513
12619_addgene_out.xml, AE000513
12620_addgene_out.xml, NC_000915
12621_addgene_out.xml, AAD07726
12648_addgene_out.xml, Ubiquitin C
12649_addgene_out.xml, CP000046
12650_addgene_out.xml, AE000512
12651_addgene_out.xml, AAD05765
12652_addgene_out.xml, AAD35303
12659_addgene_out.xml, AF297866
12660_addgene_out.xml, NM_004637
12662_addgene_out.xml, NM_004637
12663_addgene_out.xml, NM_004251
12664_addgene_out.xml, NM_004251
12665_addgene_out.xml, L42023
12668_addgene_out.xml, AE004091
12670_addgene_out.xml, BX842578
12674_addgene_out.xml, NM_004663
12676_addgene_out.xml, NM_004251
12678_addgene_out.xml, NM_004663
12679_addgene_out.xml, NM_004663
12680_addgene_out.xml, NM_004663
12682_addgene_out.xml, HP1038
12684_addgene_out.xml, AE000511
1285_addgene_out.xml, NM_032638
1286_addgene_out.xml, NM_008091
1287_addgene_out.xml, NM_032638
1289_addgene_out.xml, 
1290_addgene_out.xml, NM_008091
12965_addgene_out.xml, L25080
12967_addgene_out.xml, L25080
12968_addgene_out.xml, L25080
12975_addgene_out.xml, M57298
12976_addgene_out.xml, M57298
12980_addgene_out.xml, AF498964
12981_addgene_out.xml, AF498964
12982_addgene_out.xml, AF498964
12986_addgene_out.xml, M57298
12988_addgene_out.xml, AE001439
13035_addgene_out.xml, NM_004559
13037_addgene_out.xml, NM_005381
13041_addgene_out.xml, U33117
13048_addgene_out.xml, U33117
13050_addgene_out.xml, NM_001003317
13051_addgene_out.xml, NM_001003317
13057_addgene_out.xml, BX842578
13097_addgene_out.xml, NC_000907
1319_addgene_out.xml, NM_011170
13241_addgene_out.xml, FLJ11073
POT1 delta OB
13245_addgene_out.xml, U33117
13252_addgene_out.xml, AF262988
13253_addgene_out.xml, AF262988
13254_addgene_out.xml, AF262988
13255_addgene_out.xml, AF262988
13256_addgene_out.xml, AF262988
13257_addgene_out.xml, AF262988
13298_addgene_out.xml, U10407
13303_addgene_out.xml, NM_001144
13304_addgene_out.xml, NM_001144
13305_addgene_out.xml, NM_001144
13306_addgene_out.xml, NM_001144
13307_addgene_out.xml, NM_001144
13308_addgene_out.xml, NM_001144
13310_addgene_out.xml, NM_001144
13311_addgene_out.xml, U96635
1332_addgene_out.xml, NM_008091
13383_addgene_out.xml, NP_008868
13384_addgene_out.xml, NP_008868
13385_addgene_out.xml, NP_008868
13390_addgene_out.xml, NM_052801
13467_addgene_out.xml, AY245539
13468_addgene_out.xml, AY245539
13469_addgene_out.xml, NM_013642
13470_addgene_out.xml, NM_013642
13471_addgene_out.xml, NM_013642
13472_addgene_out.xml, NM_013642
13473_addgene_out.xml, NM_013642
13474_addgene_out.xml, NM_013642
13475_addgene_out.xml, NM_013642
13476_addgene_out.xml, NM_013642
13477_addgene_out.xml, NM_013642
13478_addgene_out.xml, NM_013642
13479_addgene_out.xml, NM_013642
13481_addgene_out.xml, AY245539
13482_addgene_out.xml, AY245539
13504_addgene_out.xml, NM_022739
13505_addgene_out.xml, NM_022739
13517_addgene_out.xml, U39656
13518_addgene_out.xml, U39656
13527_addgene_out.xml, D83026
13528_addgene_out.xml, D83026
13529_addgene_out.xml, D83026
13531_addgene_out.xml, D83026
13577_addgene_out.xml, BC086947
13578_addgene_out.xml, NM_000134
13580_addgene_out.xml, NM_000888
13581_addgene_out.xml, NM_000888
13582_addgene_out.xml, NM_000888
13584_addgene_out.xml, NM_002207
13615_addgene_out.xml, AF197937
13616_addgene_out.xml, AF197937
13617_addgene_out.xml, AF197937
13618_addgene_out.xml, AF197937
13619_addgene_out.xml, AF197937
13620_addgene_out.xml, AF197937
13634_addgene_out.xml, AY089955
13635_addgene_out.xml, AY089955
13636_addgene_out.xml, AY089955
13638_addgene_out.xml, AY089955
13639_addgene_out.xml, AF197937
13646_addgene_out.xml, AY089955
13647_addgene_out.xml, AY089955
13648_addgene_out.xml, AY089955
13649_addgene_out.xml, AY089955
13650_addgene_out.xml, AY089955
13651_addgene_out.xml, AY089955
13652_addgene_out.xml, AY089955
13653_addgene_out.xml, AY089955
13654_addgene_out.xml, AY089955
13672_addgene_out.xml, AY089955
13676_addgene_out.xml, NM_181349
13677_addgene_out.xml, NM_181349
13678_addgene_out.xml, NM_022739
13679_addgene_out.xml, NM_022739
13686_addgene_out.xml, AY089955
13687_addgene_out.xml, AY089955
13688_addgene_out.xml, AY089955
13689_addgene_out.xml, AY089955
13700_addgene_out.xml, AY089955
13705_addgene_out.xml, AY089955
13706_addgene_out.xml, AY089955
13707_addgene_out.xml, AF061749
13708_addgene_out.xml, AF061749
13709_addgene_out.xml, AF061749
13710_addgene_out.xml, AF061749
13733_addgene_out.xml, AY089955
13734_addgene_out.xml, AY089955
13746_addgene_out.xml, NM_019811
13747_addgene_out.xml, NM_080575
13748_addgene_out.xml, NM_080575
13749_addgene_out.xml, AF197937
13751_addgene_out.xml, NM_139049
13752_addgene_out.xml, NM_139047
13753_addgene_out.xml, NM_139046
13754_addgene_out.xml, NM_139068
13755_addgene_out.xml, 
13756_addgene_out.xml, NM_139069
13757_addgene_out.xml, NM_139070
13758_addgene_out.xml, NM_002753
13790_addgene_out.xml, DQ893760
13791_addgene_out.xml, DQ893760
13796_addgene_out.xml, BC001886
13797_addgene_out.xml, NM_002524
13798_addgene_out.xml, NM_002750
13799_addgene_out.xml, NM_002524
13801_addgene_out.xml, NM_002752
13839_addgene_out.xml, NC_002578
13840_addgene_out.xml, NC_004669
13875_addgene_out.xml, AF198349
13886_addgene_out.xml, NM_174219
13887_addgene_out.xml, NM_174219
13921_addgene_out.xml, AF069394
13970_addgene_out.xml, AF316141
13987_addgene_out.xml, U11790
14051_addgene_out.xml, NM_003242
14056_addgene_out.xml, L00191
14057_addgene_out.xml, L00191
14059_addgene_out.xml, U82612
14060_addgene_out.xml, L20801
14061_addgene_out.xml, AF003198
14063_addgene_out.xml, NM_001198712.1
14065_addgene_out.xml, L20801
14066_addgene_out.xml, M14049
14067_addgene_out.xml, M14049
14068_addgene_out.xml, AF201701
14069_addgene_out.xml, L13305
14071_addgene_out.xml, U76605
14097_addgene_out.xml, NM_010577
14098_addgene_out.xml, X53176
14119_addgene_out.xml, L25081
14121_addgene_out.xml, NM_013247
14122_addgene_out.xml, NM_013247
14123_addgene_out.xml, NM_013247
14124_addgene_out.xml, NM_013247
14126_addgene_out.xml, NM_013247
1414_addgene_out.xml, NM_032638
1416_addgene_out.xml, NM_032638
1418_addgene_out.xml, NM_032638
1419_addgene_out.xml, NM_008091
1420_addgene_out.xml, NM_032638
1421_addgene_out.xml, M77810
1422_addgene_out.xml, M77810
1423_addgene_out.xml, M77810
1424_addgene_out.xml, M77810
14433_addgene_out.xml, NM_001003296
14436_addgene_out.xml, M35522
14437_addgene_out.xml, NM_004162
14472_addgene_out.xml, aj851288
14473_addgene_out.xml, aj851292
14474_addgene_out.xml, aj851291
14538_addgene_out.xml, U93030
14579_addgene_out.xml, NP_249715
14580_addgene_out.xml, NP_250066
14621_addgene_out.xml, AF060943
14622_addgene_out.xml, AF060944
14623_addgene_out.xml, AF060945
14624_addgene_out.xml, AF060946
14625_addgene_out.xml, AF060947
14633_addgene_out.xml, BC113949.1
14667_addgene_out.xml, NM_009503
14671_addgene_out.xml, L36719
14685_addgene_out.xml, NM_012911
14687_addgene_out.xml, NM_012910
14692_addgene_out.xml, NM_012911
14693_addgene_out.xml, NM_012910
14891_addgene_out.xml, EF517318
14892_addgene_out.xml, EF517317
14893_addgene_out.xml, EF517318
14894_addgene_out.xml, EF517317
14902_addgene_out.xml, AH015511
14926_addgene_out.xml, Q9HKT1
15211_addgene_out.xml, L30099
15212_addgene_out.xml, L30099
15233_addgene_out.xml, L30099
15238_addgene_out.xml, X06256
15239_addgene_out.xml, HSU06698
15246_addgene_out.xml, NM_198862
15272_addgene_out.xml, AH002818
NM_001229
15399_addgene_out.xml, NC_003280
15400_addgene_out.xml, NC_003280
15401_addgene_out.xml, NC_003280
15464_addgene_out.xml, NM_000794
15465_addgene_out.xml, AF026524
15466_addgene_out.xml, AF026524
15467_addgene_out.xml, NM_007700
15468_addgene_out.xml, NM_007700
15469_addgene_out.xml, NM_007700
15470_addgene_out.xml, AF026524
15472_addgene_out.xml, AF252290
15473_addgene_out.xml, AF252291
15474_addgene_out.xml, AF252292
15516_addgene_out.xml, AF121972
15517_addgene_out.xml, NM_003010
15527_addgene_out.xml, AY073714
15528_addgene_out.xml, AY073576
15529_addgene_out.xml, NT_039614
15530_addgene_out.xml, NT_039614
15531_addgene_out.xml, NT_039614
15532_addgene_out.xml, NT_0039606
15534_addgene_out.xml, NM_001018077
15550_addgene_out.xml, BC053856
15551_addgene_out.xml, BC053856
15552_addgene_out.xml, BC016103
15553_addgene_out.xml, BC016103
15556_addgene_out.xml, NM_032574
15557_addgene_out.xml, BC066014
15558_addgene_out.xml, BC066014
15559_addgene_out.xml, BC003640
15560_addgene_out.xml, BC003640
15669_addgene_out.xml, NT_039433
15673_addgene_out.xml, NM_032375
15674_addgene_out.xml, NM_032375
15675_addgene_out.xml, NM_032375
15751_addgene_out.xml, XM_006498954.1
15752_addgene_out.xml, NM_003344
15775_addgene_out.xml, EF125213
15776_addgene_out.xml, DQ903855
15779_addgene_out.xml, NM_007019
15780_addgene_out.xml, NM_003336
15781_addgene_out.xml, NM_003337
15782_addgene_out.xml, NM_003338
15783_addgene_out.xml, NM_003339
15784_addgene_out.xml, NM_181893
15785_addgene_out.xml, M31046
15786_addgene_out.xml, NM_015983
15787_addgene_out.xml, NM_003341
15788_addgene_out.xml, NM_152653
15789_addgene_out.xml, NM_182678
15790_addgene_out.xml, NM_003342
15791_addgene_out.xml, NM_003343
15792_addgene_out.xml, NM_016021
15793_addgene_out.xml, AF186080
15794_addgene_out.xml, NM_194315
15795_addgene_out.xml, NM_003347
15796_addgene_out.xml, AY847350
15797_addgene_out.xml, NM_004223
15798_addgene_out.xml, NM_003969
15799_addgene_out.xml, M33469
15800_addgene_out.xml, NM_080678
15801_addgene_out.xml, NM_173469
15802_addgene_out.xml, AF033811
15803_addgene_out.xml, NM_005339
15804_addgene_out.xml, NM_004359
15805_addgene_out.xml, M33470
15806_addgene_out.xml, NM_017811
15807_addgene_out.xml, NM_014501
15808_addgene_out.xml, NM_014176
15809_addgene_out.xml, NM_001001481
15810_addgene_out.xml, NM_152489
15811_addgene_out.xml, U17064
15827_addgene_out.xml, AY083469
15835_addgene_out.xml, NM_147119
15836_addgene_out.xml, NM_147115
15837_addgene_out.xml, NM_147073
15838_addgene_out.xml, NM_147085
15839_addgene_out.xml, NM_013621
15840_addgene_out.xml, NM_147048
15841_addgene_out.xml, NM_146760
15842_addgene_out.xml, NM_147045
15843_addgene_out.xml, NM_147102
15844_addgene_out.xml, NM_020290
15845_addgene_out.xml, NM_147061
15846_addgene_out.xml, NM_146814
15847_addgene_out.xml, NM_147069
15848_addgene_out.xml, NM_146754
15849_addgene_out.xml, NM_147063
15850_addgene_out.xml, NM_146913
15852_addgene_out.xml, NM_146453
15854_addgene_out.xml, NM_138305
15855_addgene_out.xml, NM_007724
15856_addgene_out.xml, AK132127
15857_addgene_out.xml, AE008683
15923_addgene_out.xml, NM_009645
15925_addgene_out.xml, NM_009645
15960_addgene_out.xml, M24441
15987_addgene_out.xml, AF143315
15990_addgene_out.xml, NM_009652
16018_addgene_out.xml, NM_00600
16023_addgene_out.xml, NM_205044
16096_addgene_out.xml, NM_077994
16097_addgene_out.xml, NM_073324
16098_addgene_out.xml, NM_067016
16099_addgene_out.xml, NM_067577
16100_addgene_out.xml, NM_182138
16101_addgene_out.xml, NM_182139
16102_addgene_out.xml, NM_182141
16103_addgene_out.xml, NM_063351
16104_addgene_out.xml, NM_182137
16105_addgene_out.xml, NM_064051
16106_addgene_out.xml, NM_066502
16107_addgene_out.xml, NM_073702
16108_addgene_out.xml, NM_001028425
16110_addgene_out.xml, NM_073690
16111_addgene_out.xml, NM_077883
16112_addgene_out.xml, NM_075084
16113_addgene_out.xml, NM_073847
16114_addgene_out.xml, NM_077394
16115_addgene_out.xml, NM_181991
16116_addgene_out.xml, NM_182383
16119_addgene_out.xml, NM_171758
16120_addgene_out.xml, NM_073677
16124_addgene_out.xml, NM_060110
16126_addgene_out.xml, AL031635
16127_addgene_out.xml, NM_070284
16128_addgene_out.xml, NM_182338
16129_addgene_out.xml, NM_171588
16136_addgene_out.xml, NM_171710
16139_addgene_out.xml, NM_063703
16140_addgene_out.xml, NM_182135
16141_addgene_out.xml, NM_182136
16142_addgene_out.xml, NM_068574
16143_addgene_out.xml, FBgn0003383
16144_addgene_out.xml, NM_079435
16145_addgene_out.xml, NM_164554
16146_addgene_out.xml, NM_008420
16147_addgene_out.xml, U78642
16148_addgene_out.xml, U78641
16152_addgene_out.xml, NM_010610
16166_addgene_out.xml, NM_008423
16173_addgene_out.xml, NM_001014661
16196_addgene_out.xml, NM_079435
16200_addgene_out.xml, NM_021853
16202_addgene_out.xml, NM_077508
16207_addgene_out.xml, NM_013247
16209_addgene_out.xml, NM_071001
16212_addgene_out.xml, NM_075082
16277_addgene_out.xml, NM_017489
16278_addgene_out.xml, NM_017489
16296_addgene_out.xml, NM_003182
16341_addgene_out.xml, M12725
16369_addgene_out.xml, BC069270
16370_addgene_out.xml, BC022786
16430_addgene_out.xml, NM_077115
16444_addgene_out.xml, NM_076125
16517_addgene_out.xml, AF029081
16571_addgene_out.xml, AF224272
16572_addgene_out.xml, AF223390
17212_addgene_out.xml, NM_007738
17234_addgene_out.xml, NM_012325
17283_addgene_out.xml, ABE77212
17285_addgene_out.xml, ABE77214
17300_addgene_out.xml, M12725
17301_addgene_out.xml, M12725
17302_addgene_out.xml, M12725
17303_addgene_out.xml, M12725
17327_addgene_out.xml, X03591
17342_addgene_out.xml, NM_004846
17344_addgene_out.xml, NM_004846
17345_addgene_out.xml, NM_004846
17346_addgene_out.xml, NM_004846
17347_addgene_out.xml, NM_004846
17348_addgene_out.xml, NM_004846
17349_addgene_out.xml, NM_004846
17350_addgene_out.xml, NM_004846
17351_addgene_out.xml, NM_004846
17352_addgene_out.xml, NM_004846
17353_addgene_out.xml, NM_004846
1740_addgene_out.xml, NM_079699
1741_addgene_out.xml, NM_169940
17433_addgene_out.xml, NM_004774
17444_addgene_out.xml, BC012768
17516_addgene_out.xml, D83026
17517_addgene_out.xml, D83026
17518_addgene_out.xml, D83026
17573_addgene_out.xml, DQ978788
17579_addgene_out.xml, U55763
17580_addgene_out.xml, AF123572
17593_addgene_out.xml, X13694
17594_addgene_out.xml, X13694
17642_addgene_out.xml, AF360549
17643_addgene_out.xml, AF360549
17644_addgene_out.xml, AF360549
17712_addgene_out.xml, 
17735_addgene_out.xml, X00088
17746_addgene_out.xml, AK037467
17748_addgene_out.xml, X01667
17777_addgene_out.xml, CG11094
17778_addgene_out.xml, CG11094
17779_addgene_out.xml, CG1849
17780_addgene_out.xml, CG1849
17781_addgene_out.xml, CG5166
17782_addgene_out.xml, CG5166
17783_addgene_out.xml, CG6551
17784_addgene_out.xml, CG6551
17788_addgene_out.xml, M12546
17797_addgene_out.xml, NM_001042599
17798_addgene_out.xml, NM_001042599
17799_addgene_out.xml, NM_001042599
17800_addgene_out.xml, NM_001042599
17801_addgene_out.xml, NM_001042599
17802_addgene_out.xml, NM_001042599
17803_addgene_out.xml, NM_001042599
17812_addgene_out.xml, AJ310442
1781_addgene_out.xml, AF018167
17821_addgene_out.xml, AF035440
17827_addgene_out.xml, AJ851288
17828_addgene_out.xml, AJ851288
17829_addgene_out.xml, AJ851288
1782_addgene_out.xml, AF018167
17830_addgene_out.xml, AJ851290
17831_addgene_out.xml, DQ232603
17833_addgene_out.xml, U24705
17834_addgene_out.xml, U24705
17835_addgene_out.xml, U24705
17836_addgene_out.xml, AF396261
1783_addgene_out.xml, M63649
17924_addgene_out.xml, D13211
17926_addgene_out.xml, U08261
17928_addgene_out.xml, U08261
17983_addgene_out.xml, U75308
17984_addgene_out.xml, U75309
17986_addgene_out.xml, AF521670
17987_addgene_out.xml, AF521671
17989_addgene_out.xml, M25537
18044_addgene_out.xml, X57480
18069_addgene_out.xml, NM_004006
18070_addgene_out.xml, NM_004006
18071_addgene_out.xml, NM_004006
18072_addgene_out.xml, NM_004006
18073_addgene_out.xml, NM_004006
18074_addgene_out.xml, NM_004006
18075_addgene_out.xml, NM_004006
18076_addgene_out.xml, NM_004006
18077_addgene_out.xml, NM_004006
18078_addgene_out.xml, NM_004006
18079_addgene_out.xml, NM_004006
18080_addgene_out.xml, NM_004006
18081_addgene_out.xml, NM_004006
18082_addgene_out.xml, NM_004006
18083_addgene_out.xml, EU024649
18089_addgene_out.xml, O66490
18090_addgene_out.xml, O66490
18091_addgene_out.xml, O66490
18092_addgene_out.xml, O66490
18093_addgene_out.xml, NM_008904
18112_addgene_out.xml, NM_010495
18113_addgene_out.xml, NM_005343
18657_addgene_out.xml, AY368490
18674_addgene_out.xml, NM_004359
18688_addgene_out.xml, X58460
18689_addgene_out.xml, DQ332387
18690_addgene_out.xml, DQ332387
18691_addgene_out.xml, DQ332387
18698_addgene_out.xml, U55763
18699_addgene_out.xml, DQ340395
18706_addgene_out.xml, NM_002542
18708_addgene_out.xml, NM_002542
18709_addgene_out.xml, NM_002542
18710_addgene_out.xml, NM_002542
18714_addgene_out.xml, NC_000017
AAH80658
18715_addgene_out.xml, BC030705
18716_addgene_out.xml, BC028583
18718_addgene_out.xml, NM_003921
18719_addgene_out.xml, NM_003921
18730_addgene_out.xml, NM_020041
18740_addgene_out.xml, AAQ72378
18741_addgene_out.xml, NM_005343
18742_addgene_out.xml, AAQ72378
18748_addgene_out.xml, CAB40664.1
18749_addgene_out.xml, NM_005343
18824_addgene_out.xml, NM_020533
18825_addgene_out.xml, NM_020533
18826_addgene_out.xml, NM_020533
18827_addgene_out.xml, NM_020533
18828_addgene_out.xml, NM_026656
18829_addgene_out.xml, NM_026656
18830_addgene_out.xml, NM_026656
18831_addgene_out.xml, NM_026656
18832_addgene_out.xml, NM_134160
18833_addgene_out.xml, NM_134160
18834_addgene_out.xml, NM_134160
18835_addgene_out.xml, NM_134160
18857_addgene_out.xml, NM_003156
18858_addgene_out.xml, NM_003156
18859_addgene_out.xml, NM_003156
18870_addgene_out.xml, AB008811
18876_addgene_out.xml, L03719
18877_addgene_out.xml, L06129
18880_addgene_out.xml, AJ310442
18918_addgene_out.xml, NM_002701
18919_addgene_out.xml, NM_003106
18920_addgene_out.xml, NM_024865
18921_addgene_out.xml, NM_024674
18922_addgene_out.xml, NC_001669
18925_addgene_out.xml, EU784738
18926_addgene_out.xml, DQ381402
18927_addgene_out.xml, DQ381402
18937_addgene_out.xml, X60952
18949_addgene_out.xml, NM_001530
18950_addgene_out.xml, HSU81984
18954_addgene_out.xml, X60952
18955_addgene_out.xml, NM_001530
18956_addgene_out.xml, HSU81984
18957_addgene_out.xml, NM_001033665
18958_addgene_out.xml, NM_001033665
18959_addgene_out.xml, NM_001033665
18960_addgene_out.xml, BC010992
18961_addgene_out.xml, BC036051
18963_addgene_out.xml, NM_022051
18964_addgene_out.xml, AAA89082
18965_addgene_out.xml, AAA89082
18967_addgene_out.xml, BC010571
18969_addgene_out.xml, BC010571
18970_addgene_out.xml, NM_021818
18973_addgene_out.xml, NM_004690
18974_addgene_out.xml, NM_004690
18975_addgene_out.xml, NM_004690
18976_addgene_out.xml, NM_004690
18978_addgene_out.xml, NM_006106
18979_addgene_out.xml, NM_006106
18980_addgene_out.xml, NM_006106
18981_addgene_out.xml, NM_006106
18988_addgene_out.xml, NM_006106
18989_addgene_out.xml, NM_006106
18990_addgene_out.xml, NM_006106
18991_addgene_out.xml, NM_006106
18992_addgene_out.xml, NM_006106
18993_addgene_out.xml, NM_006106
18994_addgene_out.xml, NM_006106
18995_addgene_out.xml, NM_006106
18996_addgene_out.xml, NM_006106
18997_addgene_out.xml, NM_006106
18998_addgene_out.xml, NM_006106
18999_addgene_out.xml, NM_006106
19000_addgene_out.xml, NM_006106
19004_addgene_out.xml, NM_006106
19005_addgene_out.xml, NM_001530
19006_addgene_out.xml, HSU81984
19013_addgene_out.xml, X77094
19014_addgene_out.xml, X77094
19015_addgene_out.xml, X77094
19016_addgene_out.xml, X77094
19017_addgene_out.xml, X77094
19018_addgene_out.xml, X77094
19019_addgene_out.xml, X77094
19020_addgene_out.xml, X77094
19021_addgene_out.xml, X77094
19022_addgene_out.xml, X77094
19023_addgene_out.xml, X77094
19031_addgene_out.xml, NM_019552
19042_addgene_out.xml, AF360549
19044_addgene_out.xml, NM_006106
19045_addgene_out.xml, NM_006106
19046_addgene_out.xml, NM_006106
19047_addgene_out.xml, NM_006106
19048_addgene_out.xml, NP_001181973.1
19050_addgene_out.xml, NM_006106
19051_addgene_out.xml, NM_006106
19052_addgene_out.xml, NM_021818
19054_addgene_out.xml, NM_004690
19055_addgene_out.xml, NM_006106
19056_addgene_out.xml, NM_006281
19057_addgene_out.xml, NM_006106
19058_addgene_out.xml, NM_006106
19059_addgene_out.xml, NM_006106
19060_addgene_out.xml, NM_006106
19061_addgene_out.xml, NM_006106
19062_addgene_out.xml, NM_006106
19063_addgene_out.xml, NM_006106
19136_addgene_out.xml, NM_002002
19234_addgene_out.xml, NM_000551
19235_addgene_out.xml, NM_000551
19236_addgene_out.xml, NM_000551
19237_addgene_out.xml, NM_000551
19238_addgene_out.xml, NM_000551
19239_addgene_out.xml, NM_000551
19240_addgene_out.xml, NM_000551
19241_addgene_out.xml, NM_000551
19242_addgene_out.xml, NM_000551
19243_addgene_out.xml, NM_000551
19262_addgene_out.xml, X62302
19263_addgene_out.xml, X62302
19281_addgene_out.xml, NM_007829
19282_addgene_out.xml, NM_007829
19283_addgene_out.xml, NM_007829
19295_addgene_out.xml, M92649
NP_035057.1
19296_addgene_out.xml, L23806
19297_addgene_out.xml, L23210
19320_addgene_out.xml, NM_010230
19321_addgene_out.xml, X62379
19322_addgene_out.xml, NM_010230
19323_addgene_out.xml, NM_010230
19365_addgene_out.xml, NM_001530
19376_addgene_out.xml, NM_182706
19388_addgene_out.xml, AF467003
19429_addgene_out.xml, AY842441
19430_addgene_out.xml, AY535409
19431_addgene_out.xml, AY163563
19433_addgene_out.xml, DQ479390
19435_addgene_out.xml, AY687629
19436_addgene_out.xml, AY956294
19437_addgene_out.xml, DQ479391
19438_addgene_out.xml, AY295872
19439_addgene_out.xml, AY535406
19440_addgene_out.xml, AY842442
19441_addgene_out.xml, AF322878
19442_addgene_out.xml, AF510851
19443_addgene_out.xml, AAX35673
19447_addgene_out.xml, AAP34326
19448_addgene_out.xml, DQ479392
19449_addgene_out.xml, AF364181
19450_addgene_out.xml, DQ479393
19451_addgene_out.xml, AAK83069
19452_addgene_out.xml, AY043287
19561_addgene_out.xml, AY163562
19562_addgene_out.xml, AY234809
19563_addgene_out.xml, AY389805
19564_addgene_out.xml, AY389806
19565_addgene_out.xml, AY833134
19566_addgene_out.xml, DQ479394
19567_addgene_out.xml, DQ479395
19568_addgene_out.xml, DQ479396
19569_addgene_out.xml, AY833131
19570_addgene_out.xml, AY535407
19571_addgene_out.xml, AY535408
19572_addgene_out.xml, DQ122855
19573_addgene_out.xml, DQ122856
19574_addgene_out.xml, AY833132
19575_addgene_out.xml, AY703872
19576_addgene_out.xml, AAK94482
19577_addgene_out.xml, AAL37251
19578_addgene_out.xml, AAK97794
19579_addgene_out.xml, AY172981
19580_addgene_out.xml, DQ166529
19582_addgene_out.xml, AAT90333
19583_addgene_out.xml, AY485265
19584_addgene_out.xml, DQ489547
19585_addgene_out.xml, DQ479389
19586_addgene_out.xml, AAP13560
19587_addgene_out.xml, AY833133
19588_addgene_out.xml, AY535405
19589_addgene_out.xml, AAQ67660
19591_addgene_out.xml, CP000026
19699_addgene_out.xml, P46662
19700_addgene_out.xml, P46662
19717_addgene_out.xml, NM_005402
19718_addgene_out.xml, NM_005402
19719_addgene_out.xml, NM_005402
19720_addgene_out.xml, AK312453
19722_addgene_out.xml, AK312453
19723_addgene_out.xml, NM_005402
19739_addgene_out.xml, NM_007700
19741_addgene_out.xml, NM_138761
19742_addgene_out.xml, NM_138761
19743_addgene_out.xml, NM_138761
19798_addgene_out.xml, NM_005652.1
NP_005643.1
19857_addgene_out.xml, NM_194252
19859_addgene_out.xml, NM_173849
19860_addgene_out.xml, NM_012240
19862_addgene_out.xml, NM_001017923
19865_addgene_out.xml, NM_005627
19866_addgene_out.xml, NM_016544
19870_addgene_out.xml, NM_206853
19871_addgene_out.xml, NM_012199
19872_addgene_out.xml, NM_012154
19874_addgene_out.xml, NM_018996
19875_addgene_out.xml, NM_020963
19876_addgene_out.xml, NM_006386
19878_addgene_out.xml, NM_004559
19879_addgene_out.xml, NM_006547
19880_addgene_out.xml, NM_001419
19882_addgene_out.xml, NM_001135653
19883_addgene_out.xml, NM_014494
19884_addgene_out.xml, NM_015088
19885_addgene_out.xml, NM_018996
19886_addgene_out.xml, NM_006546
19887_addgene_out.xml, NM_012199
19889_addgene_out.xml, NM_024852
19890_addgene_out.xml, NM_017629
19891_addgene_out.xml, NM_206853
19892_addgene_out.xml, NM_003591
19895_addgene_out.xml, NM_003478
19897_addgene_out.xml, AF142059
19898_addgene_out.xml, NM_016476
19899_addgene_out.xml, AF142060
19900_addgene_out.xml, NM_001002244
19904_addgene_out.xml, NM_012162
19905_addgene_out.xml, NM_018998
19907_addgene_out.xml, NM_001008895
19911_addgene_out.xml, NM_000368
19921_addgene_out.xml, NM_001019020
19922_addgene_out.xml, NM_003588
19925_addgene_out.xml, NM_012162
19927_addgene_out.xml, NM_053056
19935_addgene_out.xml, ENST00000308108
19937_addgene_out.xml, ENST00000228872
19938_addgene_out.xml, NP_003583
19939_addgene_out.xml, NP_003583
19941_addgene_out.xml, NP_003583
19942_addgene_out.xml, NP_003583
19946_addgene_out.xml, NM_005983
19948_addgene_out.xml, NM_018448
19949_addgene_out.xml, NM_018448
19950_addgene_out.xml, NP_003583
19952_addgene_out.xml, NM_001008895
19953_addgene_out.xml, NM_001008895
19955_addgene_out.xml, NM_000368
19961_addgene_out.xml, NM_001154
19962_addgene_out.xml, NM_001154
19998_addgene_out.xml, NM_005648
19999_addgene_out.xml, NM_000551
20000_addgene_out.xml, NM_007108
20014_addgene_out.xml, NM_007669
20027_addgene_out.xml, EU733259
20028_addgene_out.xml, EU733258
20029_addgene_out.xml, EU733256
20030_addgene_out.xml, NM_002759
20031_addgene_out.xml, EU733257
20032_addgene_out.xml, EU733254
20033_addgene_out.xml, EU733261
20034_addgene_out.xml, EU733266
20035_addgene_out.xml, EU733265
20036_addgene_out.xml, EU733264
20037_addgene_out.xml, EU733257
20038_addgene_out.xml, EU733257
20039_addgene_out.xml, EU733257
20040_addgene_out.xml, EU733257
20041_addgene_out.xml, EU733257
20042_addgene_out.xml, EU733257
20043_addgene_out.xml, EU733257
20044_addgene_out.xml, EU733257
20045_addgene_out.xml, NM_002759
20046_addgene_out.xml, NM_002759
20047_addgene_out.xml, NM_002759
20048_addgene_out.xml, NM_002759
20049_addgene_out.xml, NM_002759
20050_addgene_out.xml, NM_002759
20051_addgene_out.xml, NM_002759
20052_addgene_out.xml, EU733259
20124_addgene_out.xml, AC159614
20125_addgene_out.xml, AC159614
20126_addgene_out.xml, AC159614
20127_addgene_out.xml, AC159614
20128_addgene_out.xml, AC159614
20135_addgene_out.xml, NM_016860
20141_addgene_out.xml, NP_426359
20142_addgene_out.xml, NP_001034891
20144_addgene_out.xml, NM_009502
20155_addgene_out.xml, Z74807
20156_addgene_out.xml, Z74807
20157_addgene_out.xml, NM_008844
20158_addgene_out.xml, NM_008844
20164_addgene_out.xml, NP_001003316
20169_addgene_out.xml, CAA42128
20172_addgene_out.xml, NM_053868
20173_addgene_out.xml, NM_021767
20200_addgene_out.xml, RASA3
20229_addgene_out.xml, NM_021138
20230_addgene_out.xml, NM_021138
20231_addgene_out.xml, NM_021138
20232_addgene_out.xml, NM_136487
20236_addgene_out.xml, NM_136487
20249_addgene_out.xml, NM_021009
20263_addgene_out.xml, NM_016528
20264_addgene_out.xml, NM_016528
20265_addgene_out.xml, NM_016528
20266_addgene_out.xml, NM_016528
20267_addgene_out.xml, NM_016528
20268_addgene_out.xml, NM_016528
20269_addgene_out.xml, NM_016528
20270_addgene_out.xml, NM_016528
20271_addgene_out.xml, NM_016528
20272_addgene_out.xml, NM_016528
20273_addgene_out.xml, NM_016528
20275_addgene_out.xml, NM_181586
20276_addgene_out.xml, NM_181586
20277_addgene_out.xml, NM_181586
20278_addgene_out.xml, NM_181586
20279_addgene_out.xml, NM_181586
20300_addgene_out.xml, EU530628
20301_addgene_out.xml, EU530627
20304_addgene_out.xml, EU530629
20343_addgene_out.xml, EU530626
20344_addgene_out.xml, EU530630
20351_addgene_out.xml, NM_011951
20352_addgene_out.xml, NM_011951
20353_addgene_out.xml, NM_021746
20354_addgene_out.xml, NM_021746
20671_addgene_out.xml, NM_002444
20675_addgene_out.xml, U11859
20676_addgene_out.xml, NM_002444
20677_addgene_out.xml, NM_002444
20678_addgene_out.xml, NM_002444
20679_addgene_out.xml, NM_002444
20680_addgene_out.xml, NM_003379
20681_addgene_out.xml, NM_003379
20682_addgene_out.xml, NM_003379
20683_addgene_out.xml, NM_003379
20684_addgene_out.xml, BC125439
20685_addgene_out.xml, BC023318
20686_addgene_out.xml, BC156729
20687_addgene_out.xml, BC41387
20693_addgene_out.xml, NM_014456
20695_addgene_out.xml, Q14999
20696_addgene_out.xml, Q14999
20699_addgene_out.xml, NM_000107
20700_addgene_out.xml, NM_000107
20716_addgene_out.xml, BC053856
20717_addgene_out.xml, AF142059
20719_addgene_out.xml, NM_018448
20743_addgene_out.xml, NM_000314
20785_addgene_out.xml, NP_036080
20786_addgene_out.xml, NM_011951
20787_addgene_out.xml, NM_011951
20790_addgene_out.xml, NM_000551
20814_addgene_out.xml, L25610
20815_addgene_out.xml, NM_011951
20816_addgene_out.xml, NM_011951
20817_addgene_out.xml, AF031135
20818_addgene_out.xml, NM_021746
20863_addgene_out.xml, U93091
20864_addgene_out.xml, NP_056179.3
20865_addgene_out.xml, BC006728
NM_011443
NM_013633
NM_010637
20866_addgene_out.xml, BC006728
NM_011443
NM_013633
NM_010637
20878_addgene_out.xml, NM_007669
20879_addgene_out.xml, NM_007669
20880_addgene_out.xml, NM_007669
20881_addgene_out.xml, NM_009875
20884_addgene_out.xml, NM_011249
20885_addgene_out.xml, NM_011250
20911_addgene_out.xml, NM_0050983
20913_addgene_out.xml, NM_0032002
20914_addgene_out.xml, NM_0011361391
20915_addgene_out.xml, NM_0108662
20917_addgene_out.xml, NM_0108662
20921_addgene_out.xml, BC057660
20935_addgene_out.xml, AFM80540.1
20936_addgene_out.xml, NM_000975
20963_addgene_out.xml, NM_010495
20964_addgene_out.xml, NM_010495
20965_addgene_out.xml, NM_010495
20969_addgene_out.xml, NM_021062
20970_addgene_out.xml, NM_021062
20971_addgene_out.xml, NM_021062
20972_addgene_out.xml, NM_021062
20973_addgene_out.xml, NC_005100
21045_addgene_out.xml, NM_021058
21064_addgene_out.xml, NC_005100
21065_addgene_out.xml, NC_005100
21066_addgene_out.xml, NC_005100
21067_addgene_out.xml, NC_005100
21073_addgene_out.xml, U05784
21123_addgene_out.xml, NM_006106
21124_addgene_out.xml, NM_006106
21126_addgene_out.xml, NM_006106
21131_addgene_out.xml, EDK98737
21133_addgene_out.xml, EDK99651
21149_addgene_out.xml, MMU75506
21150_addgene_out.xml, AF139131
21156_addgene_out.xml, FJ439133
21172_addgene_out.xml, FJ439133
21173_addgene_out.xml, FJ439133
21174_addgene_out.xml, FJ439133
21175_addgene_out.xml, FJ439133
21176_addgene_out.xml, FJ439133
21177_addgene_out.xml, FJ439133
21241_addgene_out.xml, AF325507
21242_addgene_out.xml, AF325507
21243_addgene_out.xml, AF325507
21248_addgene_out.xml, J04532
21249_addgene_out.xml, J04532
21250_addgene_out.xml, J04532
21251_addgene_out.xml, J04532
21310_addgene_out.xml, NM_011263
21311_addgene_out.xml, NM_011263
21322_addgene_out.xml, NM_017023
21325_addgene_out.xml, U43691
21366_addgene_out.xml, L33243
21367_addgene_out.xml, L33243
21368_addgene_out.xml, L33243
21371_addgene_out.xml, L33243
21372_addgene_out.xml, NM_000297
21394_addgene_out.xml, NM_008714
21476_addgene_out.xml, NM_001012079
21477_addgene_out.xml, NM_001012079
21514_addgene_out.xml, NM_014494
21516_addgene_out.xml, NM_014494
21517_addgene_out.xml, NM_014494
21519_addgene_out.xml, NM_014494
21521_addgene_out.xml, NM_014494
21522_addgene_out.xml, NM_014494
21524_addgene_out.xml, NM_014494
21525_addgene_out.xml, NM_014494
21526_addgene_out.xml, NM_014494
21527_addgene_out.xml, NM_014494
21528_addgene_out.xml, NM_014494
21529_addgene_out.xml, NM_012154
21530_addgene_out.xml, NM_012154
21531_addgene_out.xml, NM_024852
21532_addgene_out.xml, NM_024852
21533_addgene_out.xml, BC063275
21534_addgene_out.xml, BC063275
21535_addgene_out.xml, BC063275
21536_addgene_out.xml, NM_017629
21537_addgene_out.xml, NM_017629
21541_addgene_out.xml, NM_012154
21542_addgene_out.xml, NM_012154
21543_addgene_out.xml, NM_012154
21549_addgene_out.xml, Q16236
21550_addgene_out.xml, Q16236
21551_addgene_out.xml, Q14145
21552_addgene_out.xml, Q14145
21553_addgene_out.xml, Q16236
21555_addgene_out.xml, Q16236
21556_addgene_out.xml, Q14145
21558_addgene_out.xml, Q14145
21559_addgene_out.xml, Q16236
21560_addgene_out.xml, Q16236
21590_addgene_out.xml, NM_003590
21592_addgene_out.xml, NM_003590
21593_addgene_out.xml, Q14145
21602_addgene_out.xml, NP_015076
21603_addgene_out.xml, NP_033071
21605_addgene_out.xml, NM_021960
21606_addgene_out.xml, NM_021960
21629_addgene_out.xml, NM_008091
21634_addgene_out.xml, NM_003766
21635_addgene_out.xml, NM_014924
21638_addgene_out.xml, BC015369
21667_addgene_out.xml, NM_005225
21668_addgene_out.xml, NM_005225
21676_addgene_out.xml, NM_001430
21682_addgene_out.xml, NM_078809
21683_addgene_out.xml, NM_078809
21684_addgene_out.xml, NM_137998
21685_addgene_out.xml, NM_137998
21686_addgene_out.xml, NM_030903
21687_addgene_out.xml, NM_022130
21688_addgene_out.xml, NM_022130
21689_addgene_out.xml, NM_018206
21690_addgene_out.xml, NM_022130
21691_addgene_out.xml, NM_018206
21700_addgene_out.xml, NM_022783
21701_addgene_out.xml, NM_022783
21712_addgene_out.xml, NM_140735
21713_addgene_out.xml, NM_140735
21717_addgene_out.xml, FJ439505
21718_addgene_out.xml, FJ226078
21719_addgene_out.xml, FJ498891
21720_addgene_out.xml, FJ498892
21721_addgene_out.xml, NM_140328
21722_addgene_out.xml, NM_140328
21731_addgene_out.xml, BC071579
21732_addgene_out.xml, BC071579
21733_addgene_out.xml, BC071579
21734_addgene_out.xml, BC071579
21735_addgene_out.xml, BC071579
21741_addgene_out.xml, NM_001080385
21742_addgene_out.xml, NM_001080385
21748_addgene_out.xml, BC040540
21749_addgene_out.xml, BC040540
21750_addgene_out.xml, BC040540
21752_addgene_out.xml, NM_000332
21753_addgene_out.xml, NM_000332
21754_addgene_out.xml, NM_000332
21755_addgene_out.xml, NM_000332
21756_addgene_out.xml, NM_000332
21757_addgene_out.xml, NM_000332
21758_addgene_out.xml, NM_000332
21759_addgene_out.xml, NM_017464
21783_addgene_out.xml, BC040540
21784_addgene_out.xml, BC040540
21790_addgene_out.xml, NC_001139
21795_addgene_out.xml, AF224494
21796_addgene_out.xml, AF224494
21842_addgene_out.xml, gi3078106
21843_addgene_out.xml, NC_002942
21844_addgene_out.xml, NC_002942
21910_addgene_out.xml, BC136464
21917_addgene_out.xml, M75126
21918_addgene_out.xml, M75126
21919_addgene_out.xml, M75126
21921_addgene_out.xml, NM_000189
21922_addgene_out.xml, NM_000189
21926_addgene_out.xml, NP_001091674
21927_addgene_out.xml, AF387322
21931_addgene_out.xml, SA2316
21933_addgene_out.xml, BC040540
21935_addgene_out.xml, NM_008737
21936_addgene_out.xml, NM_008737
21937_addgene_out.xml, NM_008737
21954_addgene_out.xml, NM_017464
21955_addgene_out.xml, NM_007982
21956_addgene_out.xml, NM_007982
21962_addgene_out.xml, NM_006403
21963_addgene_out.xml, NM_006403
21964_addgene_out.xml, NM_006403
21965_addgene_out.xml, M55643
22041_addgene_out.xml, NM_000551
22042_addgene_out.xml, NM_000551
22044_addgene_out.xml, NM_000551
22078_addgene_out.xml, NM_000551
22079_addgene_out.xml, NM_000551
22082_addgene_out.xml, NM_000551
22102_addgene_out.xml, NM_005427
22134_addgene_out.xml, NM_001430
22135_addgene_out.xml, NM_001430
22145_addgene_out.xml, EG10542
22163_addgene_out.xml, NM_004408
22197_addgene_out.xml, AAA02803.1
22198_addgene_out.xml, NM_012096
22202_addgene_out.xml, NM_012096
22207_addgene_out.xml, NM_000276
22213_addgene_out.xml, U87558
22214_addgene_out.xml, AY196211
22225_addgene_out.xml, AF018261
22229_addgene_out.xml, 
22241_addgene_out.xml, AF062085
22242_addgene_out.xml, AF062085
22284_addgene_out.xml, NM_001745
22286_addgene_out.xml, M10051
22291_addgene_out.xml, AF009039
22293_addgene_out.xml, AF009039
22294_addgene_out.xml, AF009040
22295_addgene_out.xml, NM_001745
22299_addgene_out.xml, NM_012398
22300_addgene_out.xml, NM_012398
22301_addgene_out.xml, NM_013199
22318_addgene_out.xml, NM_001004469
22319_addgene_out.xml, NM_014565
22320_addgene_out.xml, NM_012368
22321_addgene_out.xml, NM_030905
22322_addgene_out.xml, NM_001004691
22323_addgene_out.xml, NM_152430
22324_addgene_out.xml, NM_030774
22325_addgene_out.xml, NM_001004755
22326_addgene_out.xml, NM_153445
22328_addgene_out.xml, NM_147119
22329_addgene_out.xml, NM_146812
22330_addgene_out.xml, NM_147120
22331_addgene_out.xml, NM_147082
22333_addgene_out.xml, NM_147093
22334_addgene_out.xml, NM_146731
22335_addgene_out.xml, NM_146325
22336_addgene_out.xml, NM_147088
22338_addgene_out.xml, NM_147074
22339_addgene_out.xml, NM_001011857
22340_addgene_out.xml, NM_147045
22341_addgene_out.xml, NM_146754
22342_addgene_out.xml, NM_146722
22343_addgene_out.xml, NM_020288
22344_addgene_out.xml, NM_146376
22345_addgene_out.xml, NM_146292
22347_addgene_out.xml, NM_146951
22348_addgene_out.xml, NM_147071
22350_addgene_out.xml, NM_146335
22351_addgene_out.xml, NM_146883
22352_addgene_out.xml, NM_146827
22353_addgene_out.xml, NM_146875
22354_addgene_out.xml, NM_147015
22355_addgene_out.xml, NM_146995
22356_addgene_out.xml, NM_147002
22357_addgene_out.xml, NM_147078
22358_addgene_out.xml, NM_146407
22359_addgene_out.xml, NM_146865
22360_addgene_out.xml, NM_146773
22362_addgene_out.xml, NM_146767
22364_addgene_out.xml, NM_147108
22365_addgene_out.xml, NM_021368
22366_addgene_out.xml, NM_146835
22367_addgene_out.xml, NM_147026
22368_addgene_out.xml, NM_146964
22370_addgene_out.xml, NM_146853
22371_addgene_out.xml, NM_146399
22372_addgene_out.xml, NM_146780
22373_addgene_out.xml, NM_146988
22374_addgene_out.xml, NM_146726
22375_addgene_out.xml, NM_146931
22376_addgene_out.xml, NM_146357
22377_addgene_out.xml, NM_146935
22378_addgene_out.xml, NM_146958
22379_addgene_out.xml, NM_146877
22380_addgene_out.xml, FJ039896
22398_addgene_out.xml, M10051
22400_addgene_out.xml, NM_053656
22401_addgene_out.xml, NM_053656
22406_addgene_out.xml, NM_166780
22409_addgene_out.xml, NM_140548
22410_addgene_out.xml, NM_140548
22419_addgene_out.xml, NM_166780
22420_addgene_out.xml, NM_166020
22426_addgene_out.xml, HSU24214
22428_addgene_out.xml, AF387340
22429_addgene_out.xml, AF387340
22434_addgene_out.xml, AF387340
22436_addgene_out.xml, AF387340
22438_addgene_out.xml, HSU24214
22472_addgene_out.xml, ACX35553
22489_addgene_out.xml, GQ463593
22490_addgene_out.xml, GQ463594
22491_addgene_out.xml, GQ463595
22492_addgene_out.xml, GQ463596
22493_addgene_out.xml, GQ463597
22534_addgene_out.xml, NM_015074
22535_addgene_out.xml, ACN88547
22537_addgene_out.xml, BC064689
22538_addgene_out.xml, BC033711.1
22539_addgene_out.xml, BC001596.1
22540_addgene_out.xml, NM_024332
22541_addgene_out.xml, BC001859
22542_addgene_out.xml, BC002520
22543_addgene_out.xml, BC000263
22544_addgene_out.xml, NM_015247
22545_addgene_out.xml, NM_003756.2
22546_addgene_out.xml, BC000386.2
22547_addgene_out.xml, NM_014876
22548_addgene_out.xml, NM_138334
22549_addgene_out.xml, BC001972
22550_addgene_out.xml, BC072681
22551_addgene_out.xml, BC007519.2
22552_addgene_out.xml, BC068058
22553_addgene_out.xml, AB188491
22554_addgene_out.xml, NM_018566
22555_addgene_out.xml, BC029760.1
22556_addgene_out.xml, BC017569
22557_addgene_out.xml, NM_005805
22558_addgene_out.xml, BC012606
22559_addgene_out.xml, CV026750
22560_addgene_out.xml, BC007682.1
22561_addgene_out.xml, AY363305
22563_addgene_out.xml, BC005117
22564_addgene_out.xml, BC018125
22565_addgene_out.xml, BC025369.2
22566_addgene_out.xml, NM_004651
22567_addgene_out.xml, BC026072.1
22568_addgene_out.xml, NM_003940
22569_addgene_out.xml, BC003556.1
22570_addgene_out.xml, NM_006313
22571_addgene_out.xml, BN000116
22572_addgene_out.xml, BC014896.1
22573_addgene_out.xml, NM_006676
22574_addgene_out.xml, BC090946
22575_addgene_out.xml, BC126898
22576_addgene_out.xml, BC065928.1
22577_addgene_out.xml, BC002955.1
22578_addgene_out.xml, BC004868.2
22579_addgene_out.xml, NM_025090
22580_addgene_out.xml, BC068975.1
22581_addgene_out.xml, BC067273.1
22582_addgene_out.xml, BC107137
22583_addgene_out.xml, NM_153210
22584_addgene_out.xml, BC037574.1
22585_addgene_out.xml, BC104896
22586_addgene_out.xml, BC014176.2
22588_addgene_out.xml, BC146493
22589_addgene_out.xml, BC024043.1
22590_addgene_out.xml, BC004889.2
22591_addgene_out.xml, NM_003470
22592_addgene_out.xml, BC094799
22593_addgene_out.xml, BC100991
22594_addgene_out.xml, BC118653
22595_addgene_out.xml, BC030777.2
22596_addgene_out.xml, BC050525.1
22597_addgene_out.xml, BC075792
22598_addgene_out.xml, BC101189
22599_addgene_out.xml, BC130398
22601_addgene_out.xml, BC016663.1
22602_addgene_out.xml, BC133007
22604_addgene_out.xml, BC030704.1
22605_addgene_out.xml, NM_001080481
22606_addgene_out.xml, NM_019050
22607_addgene_out.xml, NM_005800
22608_addgene_out.xml, BC110590
22610_addgene_out.xml, NM_017602
22611_addgene_out.xml, NM_006677
22613_addgene_out.xml, AB010384
22629_addgene_out.xml, AB010384
22630_addgene_out.xml, AB010384
22631_addgene_out.xml, AB010384
22632_addgene_out.xml, AB010384
22633_addgene_out.xml, AB010384
22634_addgene_out.xml, AB010384
22635_addgene_out.xml, AB010384
22636_addgene_out.xml, AB010384
22637_addgene_out.xml, AB010384
22638_addgene_out.xml, AB010384
22639_addgene_out.xml, AB010384
22640_addgene_out.xml, AB010384
22689_addgene_out.xml, NM_014335
22690_addgene_out.xml, AF161077
22691_addgene_out.xml, AF053733
22703_addgene_out.xml, M64349
22704_addgene_out.xml, BC036051
22705_addgene_out.xml, BC036051
22707_addgene_out.xml, NR_002298
22708_addgene_out.xml, NR_002252
22709_addgene_out.xml, NR_002297
22710_addgene_out.xml, NR_002237
22711_addgene_out.xml, NR_001675
22760_addgene_out.xml, NR_002128
22761_addgene_out.xml, NR_002027
22762_addgene_out.xml, NR_002026
22763_addgene_out.xml, NR_001706
22764_addgene_out.xml, NR_001668
22765_addgene_out.xml, NR_002281
22767_addgene_out.xml, NR_002296
22768_addgene_out.xml, NM_166020
22769_addgene_out.xml, X03635
22770_addgene_out.xml, NM_001437
22787_addgene_out.xml, AY279344
22788_addgene_out.xml, NR_002268
22789_addgene_out.xml, NR_001778
NR_001780
NR_001779
22802_addgene_out.xml, NM_016111
22803_addgene_out.xml, NM_001163661
22844_addgene_out.xml, EU541443
22845_addgene_out.xml, NM_011859
22872_addgene_out.xml, AB014552
22874_addgene_out.xml, AB014552
22875_addgene_out.xml, AB014552
22894_addgene_out.xml, AK300082.1
22896_addgene_out.xml, AF053756
22897_addgene_out.xml, AF053756
22898_addgene_out.xml, AB019577
22899_addgene_out.xml, AB019577
22919_addgene_out.xml, NG_009250.1
22950_addgene_out.xml, AB017507
22951_addgene_out.xml, AB017507
22956_addgene_out.xml, AB048349
22957_addgene_out.xml, AB048349
22958_addgene_out.xml, AB048349
22959_addgene_out.xml, AB048349
22978_addgene_out.xml, NM_005427
23002_addgene_out.xml, BC048347
23003_addgene_out.xml, BC048347
23006_addgene_out.xml, U20951
23008_addgene_out.xml, U11790
23009_addgene_out.xml, U20951
23010_addgene_out.xml, U11790
23011_addgene_out.xml, NP_034179
23012_addgene_out.xml, ABP57185
23017_addgene_out.xml, U11790
23018_addgene_out.xml, U11790
23047_addgene_out.xml, U10906
23048_addgene_out.xml, U10906
23049_addgene_out.xml, NM_005427
23059_addgene_out.xml, AAA59571.1
23098_addgene_out.xml, NM_020004
23107_addgene_out.xml, U11790
23108_addgene_out.xml, U11790
23109_addgene_out.xml, U11790
23112_addgene_out.xml, NP_060621
23142_addgene_out.xml, ABP97432
23157_addgene_out.xml, NP_207391
23158_addgene_out.xml, NP_223261
23159_addgene_out.xml, NP_207391
23217_addgene_out.xml, NP_006304.1
23240_addgene_out.xml, NP_001782
23241_addgene_out.xml, NP_426359
23259_addgene_out.xml, NP_002425
23286_addgene_out.xml, AAF71373
23287_addgene_out.xml, AK292654
23992_addgene_out.xml, FN393078
23993_addgene_out.xml, FN393078
23994_addgene_out.xml, FN393078
23995_addgene_out.xml, FN393078
23996_addgene_out.xml, FN393078
24101_addgene_out.xml, AF458589
24233_addgene_out.xml, AF032458
24234_addgene_out.xml, AF032458
24235_addgene_out.xml, AF032458
24237_addgene_out.xml, AF032458
24239_addgene_out.xml, AF032458
24240_addgene_out.xml, AF032458
24241_addgene_out.xml, AF032458
24242_addgene_out.xml, AF032458
24243_addgene_out.xml, AF032458
24244_addgene_out.xml, AF032458
24245_addgene_out.xml, AF032458
24247_addgene_out.xml, AF032458
24249_addgene_out.xml, AF032458
24257_addgene_out.xml, NM_001003940
24258_addgene_out.xml, NM_001003940
24259_addgene_out.xml, NM_001003940
24260_addgene_out.xml, NM_001003940
24261_addgene_out.xml, NM_001003940
24262_addgene_out.xml, NM_001003940
24263_addgene_out.xml, NM_001003940
24264_addgene_out.xml, NM_001003940
24265_addgene_out.xml, NM_001037494
24266_addgene_out.xml, NM_001037494
24267_addgene_out.xml, NM_001037494
24268_addgene_out.xml, NM_026556
24269_addgene_out.xml, NM_026556
24270_addgene_out.xml, NM_026556
24282_addgene_out.xml, NM_134947
24285_addgene_out.xml, NM_057988
24287_addgene_out.xml, NM_165341
24290_addgene_out.xml, BC064837
24292_addgene_out.xml, BC064837
24293_addgene_out.xml, AK131251
24294_addgene_out.xml, AK131251
24295_addgene_out.xml, AK131251
24296_addgene_out.xml, BC064837
24300_addgene_out.xml, BC017556
24301_addgene_out.xml, AF053756
24302_addgene_out.xml, AI037166
NM_001205392
24303_addgene_out.xml, BC017556
24322_addgene_out.xml, BC110918
24324_addgene_out.xml, BC110918
24327_addgene_out.xml, NM_006082
24482_addgene_out.xml, NM_012240
24483_addgene_out.xml, NM_012241
24484_addgene_out.xml, BC027412
24486_addgene_out.xml, BC027412
24487_addgene_out.xml, BC027412
24488_addgene_out.xml, BC027412
24490_addgene_out.xml, BC027412
24491_addgene_out.xml, BC039063
24530_addgene_out.xml, AF032458
24532_addgene_out.xml, AF032458
24548_addgene_out.xml, NM_001126241
24560_addgene_out.xml, NM_177429
24561_addgene_out.xml, NM_009211
24562_addgene_out.xml, NM_001114097
24608_addgene_out.xml, NM_022507.1
NP_071952.1
24690_addgene_out.xml, NG_016172
24732_addgene_out.xml, BC002824
24733_addgene_out.xml, BC002824
24734_addgene_out.xml, BC002824
24735_addgene_out.xml, BC002824
24736_addgene_out.xml, BC002824
24737_addgene_out.xml, BC002824
24738_addgene_out.xml, BC002824
24739_addgene_out.xml, BC002824
24749_addgene_out.xml, BC002824
24752_addgene_out.xml, BC002824
24764_addgene_out.xml, NM_033327
24830_addgene_out.xml, NP_143014
24874_addgene_out.xml, NM_009716
24885_addgene_out.xml, NC_005856
24910_addgene_out.xml, CCDS8995.1
24919_addgene_out.xml, BC067797
24920_addgene_out.xml, BC067797
24921_addgene_out.xml, BC000091
24922_addgene_out.xml, BC002699
24923_addgene_out.xml, BC002699
24965_addgene_out.xml, M63873
24998_addgene_out.xml, 
24999_addgene_out.xml, 
25029_addgene_out.xml, NM_142335
25030_addgene_out.xml, AY146651
25031_addgene_out.xml, AY146650
25032_addgene_out.xml, NM_025083
25033_addgene_out.xml, NM_004397
25035_addgene_out.xml, NM_014494
25054_addgene_out.xml, AF032458
25055_addgene_out.xml, AF032458
25056_addgene_out.xml, AF032458
25057_addgene_out.xml, AF032458
25058_addgene_out.xml, AF032458
25059_addgene_out.xml, AF032458
25060_addgene_out.xml, AF032458
25061_addgene_out.xml, AF032458
25101_addgene_out.xml, U83117
25102_addgene_out.xml, AK311837
25104_addgene_out.xml, AK303524
25788_addgene_out.xml, NM_000075
25789_addgene_out.xml, NM_001259
25790_addgene_out.xml, NM_005375
25802_addgene_out.xml, BC012358
25803_addgene_out.xml, BC012358
25815_addgene_out.xml, NP_228300
25817_addgene_out.xml, NP_014183
25855_addgene_out.xml, BC079560
25856_addgene_out.xml, BC052423
25858_addgene_out.xml, FJ172221
25900_addgene_out.xml, NT_086792
25902_addgene_out.xml, NP_003296.1
25914_addgene_out.xml, P35160
25926_addgene_out.xml, NM_007982
25927_addgene_out.xml, NM_007982
25936_addgene_out.xml, HSU81984
25937_addgene_out.xml, HSU81984
25948_addgene_out.xml, HSU81984
25949_addgene_out.xml, HSU81984
25954_addgene_out.xml, HSU81984
25955_addgene_out.xml, HSU81984
25956_addgene_out.xml, HSU81984
25957_addgene_out.xml, HSU81984
25958_addgene_out.xml, HSU81984
25965_addgene_out.xml, 
25966_addgene_out.xml, X70472
25967_addgene_out.xml, X70472
25968_addgene_out.xml, DQ531035
25969_addgene_out.xml, DQ531035
25970_addgene_out.xml, NM_013571
25971_addgene_out.xml, NM_013571
25972_addgene_out.xml, NM_013571
25973_addgene_out.xml, NM_013571
25974_addgene_out.xml, NM_013571
25975_addgene_out.xml, NM_013571
25976_addgene_out.xml, NM_013571
25977_addgene_out.xml, NM_013571
25978_addgene_out.xml, NM_013571
25979_addgene_out.xml, NM_013571
25990_addgene_out.xml, BC103613
25992_addgene_out.xml, BC103613
25994_addgene_out.xml, BC103613
26002_addgene_out.xml, NM_001167614
26003_addgene_out.xml, BC103613
26055_addgene_out.xml, HSU81984
26091_addgene_out.xml, HSU81984
26112_addgene_out.xml, NM_021127
26113_addgene_out.xml, NM_021127
26128_addgene_out.xml, HM055596
26129_addgene_out.xml, HM100651
26131_addgene_out.xml, HM639987
26134_addgene_out.xml, HM639989
26136_addgene_out.xml, HM100653
26139_addgene_out.xml, HM055594
26142_addgene_out.xml, HM055595
26144_addgene_out.xml, HM639987
26145_addgene_out.xml, HM639989
26147_addgene_out.xml, HM100653
26148_addgene_out.xml, HM100651
26149_addgene_out.xml, HM055596
26189_addgene_out.xml, EF185282
26201_addgene_out.xml, NM_014002
26202_addgene_out.xml, NM_014002
26203_addgene_out.xml, NP_001547
26358_addgene_out.xml, NM_001004317
26359_addgene_out.xml, NM_001004317
26362_addgene_out.xml, U55762
26364_addgene_out.xml, NM_005243
26366_addgene_out.xml, NM_004960
26367_addgene_out.xml, NM_005243
26368_addgene_out.xml, NM_139215
26373_addgene_out.xml, NM_004960
26374_addgene_out.xml, NM_004960
26376_addgene_out.xml, NM_005243
26377_addgene_out.xml, NM_005243
26378_addgene_out.xml, NM_139215
26379_addgene_out.xml, NM_139215
26380_addgene_out.xml, NM_004960
26381_addgene_out.xml, NM_004960
26382_addgene_out.xml, NM_005243
26383_addgene_out.xml, NM_005243
26424_addgene_out.xml, AB287408
26435_addgene_out.xml, NM_010063
26439_addgene_out.xml, NM_010063
26440_addgene_out.xml, NM_010063
26441_addgene_out.xml, NM_010063
26442_addgene_out.xml, NM_010064
26443_addgene_out.xml, NM_010064
26444_addgene_out.xml, NM_010064
26445_addgene_out.xml, NM_010064
26446_addgene_out.xml, NM_010064
26447_addgene_out.xml, NM_010064
26448_addgene_out.xml, NM_010064
26449_addgene_out.xml, NM_010064
26466_addgene_out.xml, BK007039
26485_addgene_out.xml, NM_011859
26502_addgene_out.xml, BK007009
26504_addgene_out.xml, BK007028
26507_addgene_out.xml, BK007025
26508_addgene_out.xml, BK007024
26511_addgene_out.xml, GU295178
26512_addgene_out.xml, GU295177
26513_addgene_out.xml, BK007023
26514_addgene_out.xml, BK007035
26516_addgene_out.xml, BK007020
26517_addgene_out.xml, BK007019
26519_addgene_out.xml, BK007007
26520_addgene_out.xml, BK007030
26521_addgene_out.xml, GU295180
26534_addgene_out.xml, GU295188
26535_addgene_out.xml, GU295189
26538_addgene_out.xml, BK007043
26541_addgene_out.xml, BK007043
26599_addgene_out.xml, X00694
26601_addgene_out.xml, ef035555
26603_addgene_out.xml, NM_004958
26604_addgene_out.xml, NM_004958
26605_addgene_out.xml, NM_004958
26606_addgene_out.xml, NM_004958
26607_addgene_out.xml, NM_004958
26608_addgene_out.xml, NM_004958
26609_addgene_out.xml, NM_004958
26610_addgene_out.xml, NM_031985
26654_addgene_out.xml, M58153
26678_addgene_out.xml, NM_002266
26679_addgene_out.xml, NM_002267
26680_addgene_out.xml, NM_002268
26682_addgene_out.xml, NM_012316
26683_addgene_out.xml, NM_001145715
26753_addgene_out.xml, NP_001090133
26768_addgene_out.xml, NM_006082
26859_addgene_out.xml, CG31006
26891_addgene_out.xml, NM_008714.3
26924_addgene_out.xml, AY952935
26925_addgene_out.xml, AY952936
26926_addgene_out.xml, NM_026402
26927_addgene_out.xml, NM_026402
26959_addgene_out.xml, NM_017670
26960_addgene_out.xml, NM_001183861
26961_addgene_out.xml, NM_001184520
26962_addgene_out.xml, NM_001180931
26963_addgene_out.xml, NM_001184520
26965_addgene_out.xml, NM_001182730
26984_addgene_out.xml, NM_009044
26986_addgene_out.xml, NM_009045
27049_addgene_out.xml, NM_026217
27050_addgene_out.xml, NM_026217
27052_addgene_out.xml, NM_001008211
27099_addgene_out.xml, NM_024909
27100_addgene_out.xml, NM_024909
27103_addgene_out.xml, NM_010898
27104_addgene_out.xml, NM_010898
27128_addgene_out.xml, S42187
27148_addgene_out.xml, NM_021297
27149_addgene_out.xml, NM_021297
27164_addgene_out.xml, NP_005338.1
27223_addgene_out.xml, U14722
27224_addgene_out.xml, NM_020746
27225_addgene_out.xml, NP_071451
27234_addgene_out.xml, NP_077024
27236_addgene_out.xml, NP_055129
27287_addgene_out.xml, NM_014703
27288_addgene_out.xml, NM_000419
27289_addgene_out.xml, NM_000212
27290_addgene_out.xml, EU332844
27300_addgene_out.xml, NM_205441
27303_addgene_out.xml, NM_004305
27319_addgene_out.xml, X59358
27383_addgene_out.xml, NM_000165
27413_addgene_out.xml, NP_003248
27414_addgene_out.xml, AAH27592
27415_addgene_out.xml, AAH27592
27416_addgene_out.xml, AAH27592
27417_addgene_out.xml, AAH27592
27418_addgene_out.xml, AAH27592
27419_addgene_out.xml, AAH27592
27420_addgene_out.xml, AAH27592
27421_addgene_out.xml, AAH27592
27422_addgene_out.xml, AAH27592
27423_addgene_out.xml, AAH27592
27424_addgene_out.xml, AAH27592
27425_addgene_out.xml, AAH27592
27471_addgene_out.xml, AAH27592
27472_addgene_out.xml, NP_006097
27473_addgene_out.xml, AAH27592
27474_addgene_out.xml, AAH27592
27475_addgene_out.xml, AAH27592
27476_addgene_out.xml, AAH27592
27477_addgene_out.xml, NM_012477
27478_addgene_out.xml, NM_012478
27548_addgene_out.xml, CAA56473
27574_addgene_out.xml, NM_200664
27636_addgene_out.xml, NP_033495.2
27703_addgene_out.xml, NM_001003296
27704_addgene_out.xml, NM_001003296
27705_addgene_out.xml, NM_001003296
27709_addgene_out.xml, NM_008986
27710_addgene_out.xml, NM_004657
27808_addgene_out.xml, U55762
27809_addgene_out.xml, U55763
3_addgene_out.xml, NM_008904
42_addgene_out.xml, BC052889
43_addgene_out.xml, BC052889
44_addgene_out.xml, BC052889
45_addgene_out.xml, BC052889
46_addgene_out.xml, BC052889
4_addgene_out.xml, NM_008904
51_addgene_out.xml, BC052889
52_addgene_out.xml, BC052889
6_addgene_out.xml, NM_008904
8317_addgene_out.xml, L03535
8319_addgene_out.xml, L03535
8320_addgene_out.xml, L03535
8322_addgene_out.xml, L03535
8325_addgene_out.xml, L03535
8326_addgene_out.xml, L03535
8327_addgene_out.xml, L03535
8329_addgene_out.xml, L03535
8330_addgene_out.xml, L03535
8331_addgene_out.xml, L03535
8332_addgene_out.xml, L03535
8366_addgene_out.xml, M89796
8368_addgene_out.xml, J05018
8372_addgene_out.xml, J05020
8373_addgene_out.xml, M17153
8374_addgene_out.xml, M22923
8375_addgene_out.xml, L04306
8378_addgene_out.xml, K01486
8380_addgene_out.xml, NP_068953
8383_addgene_out.xml, NP_068953
8409_addgene_out.xml, M25811
8416_addgene_out.xml, M25811
8424_addgene_out.xml, M17551
8425_addgene_out.xml, M94632
8443_addgene_out.xml, U09507
8462_addgene_out.xml, AF006083
8525_addgene_out.xml, NM_024015
8526_addgene_out.xml, NM_024015
8527_addgene_out.xml, NM_024015
8535_addgene_out.xml, 
8541_addgene_out.xml, M34857
8553_addgene_out.xml, MMHOX47
8590_addgene_out.xml, Q15831
8591_addgene_out.xml, Q15831
NM_000455.4
8592_addgene_out.xml, Q15831
8593_addgene_out.xml, Q15831
8604_addgene_out.xml, J05019
8630_addgene_out.xml, NM_002209
8636_addgene_out.xml, NM_006274
8637_addgene_out.xml, NM_002209
8640_addgene_out.xml, NM_000211
8747_addgene_out.xml, NM_177410
8749_addgene_out.xml, NM_138578
8750_addgene_out.xml, NM_177410
8751_addgene_out.xml, NM_000633
8756_addgene_out.xml, NM_007522
8758_addgene_out.xml, NM_007522
8759_addgene_out.xml, NM_007522
8760_addgene_out.xml, NM_007522
8765_addgene_out.xml, NM_007544
8767_addgene_out.xml, NM_007544
8771_addgene_out.xml, NM_007544
8774_addgene_out.xml, NM_007544
8775_addgene_out.xml, NM_007544
8776_addgene_out.xml, NM_177410
8777_addgene_out.xml, NM_007544
8778_addgene_out.xml, NM_007522
8779_addgene_out.xml, NM_007527
8780_addgene_out.xml, NM_007544
8782_addgene_out.xml, NM_007544
8783_addgene_out.xml, NM_007527
8784_addgene_out.xml, NM_007544
8785_addgene_out.xml, NM_007522
8786_addgene_out.xml, NM_009754
8788_addgene_out.xml, NM_007527
8797_addgene_out.xml, NM_007522
8798_addgene_out.xml, NM_007522
8799_addgene_out.xml, NM_007522
8800_addgene_out.xml, NM_007522
8801_addgene_out.xml, NM_007522
NP_031548.1
8802_addgene_out.xml, NM_007522
NP_031548.1
8803_addgene_out.xml, NM_007522
NP_031548.1
8804_addgene_out.xml, NM_009754
8805_addgene_out.xml, NM_009754
8806_addgene_out.xml, NM_007527
8807_addgene_out.xml, NM_007544
8810_addgene_out.xml, NM_007527
8811_addgene_out.xml, NM_138578
8812_addgene_out.xml, NM_007544
8815_addgene_out.xml, X58431
BC014651
8823_addgene_out.xml, NM_006144
8824_addgene_out.xml, NM_006305
8825_addgene_out.xml, NP_006135
8857_addgene_out.xml, NM_002162
8862_addgene_out.xml, NM_011146
8891_addgene_out.xml, U10375
8895_addgene_out.xml, NM_011146
8896_addgene_out.xml, NM_011146
8897_addgene_out.xml, NM_008904
8898_addgene_out.xml, NM_008904
8943_addgene_out.xml, NM_008904
9009_addgene_out.xml, NP_005154
